All Times Eastern


AMERICAN CONFERENCE


Baltimore RavensSept. 11 at N.Y. Jets, 1 p.m. (CBS)Sept. 18 Miami, 1 p.m. (CBS)Sept. 25 at New England, 1 p.m. (FOX)Oct. 2 Buffalo, 1 p.m. (CBS)Oct. 9 Cincinnati, 8:20 p.m. (NBC*)Oct. 16 at N.Y. Giants, 1 p.m. (CBS)Oct. 23 Cleveland, 1 p.m. (CBS)Oct. 27 at Tampa Bay (Thu), 8:15 p.m. (Prime Video)Nov. 7 at New Orleans (Mon), 8:15 p.m. (ESPN)Nov. 13 BYENov. 20 Carolina, 1 p.m. (FOX)Nov. 27 at Jacksonville, 1 p.m. (CBS)Dec. 4 Denver, 1 p.m. (CBS)Dec. 11 at Pittsburgh, 1 p.m. (CBS)Dec. 17/18 at Cleveland, TBD TBDDec. 24 Atlanta (Sat), 1 p.m. (FOX)Jan. 1 Pittsburgh, 1 p.m. (CBS)Jan. 7/8 at Cincinnati, TBD TBDBuffalo BillsSept. 8 at L.A. Rams (Thu), 8:20 p.m. (NBC)Sept. 19 Tennessee (Mon), 7:15 p.m. (ESPN)Sept. 25 at Miami, 1 p.m. (CBS)Oct. 2 at Baltimore, 1 p.m. (CBS)Oct. 9 Pittsburgh, 1 p.m. (CBS)Oct. 16 at Kansas City, 4:25 p.m. (CBS)Oct. 23 BYEOct. 30 Green Bay, 8:20 p.m. (NBC*)ADVERTISEMENTNov. 6 at N.Y. Jets, 1 p.m. (CBS)Nov. 13 Minnesota, 1 p.m. (FOX)Nov. 20 Cleveland, 1 p.m. (CBS)Nov. 24 at Detroit (Thanksgiving), 12:30 p.m. (CBS)Dec. 1 at New England (Thu), 8:15 p.m. (Prime Video)Dec. 11 N.Y. Jets, 1 p.m. (CBS)Dec. 17/18 Miami, TBD TBDDec. 24 at Chicago (Sat), 1 p.m. (CBS)Los Angeles ChargersRams to host Bills to open NFL season; Broncos at SeattleNFL teams use engaging videos to elevate schedule releaseChargers add another veteran to defense, signing LB Van NoyChargers bolster secondary with addition of Bryce CallahanJan. 2 at Cincinnati (Mon), 8:30 p.m. (ESPN/ABC)Jan. 7/8 New England, TBD TBDCincinnati BengalsSept. 11 Pittsburgh, 1 p.m. (CBS)Sept. 18 at Dallas, 4:25 p.m. (CBS)Sept. 25 at N.Y. Jets, 1 p.m. (CBS)Sept. 29 Miami (Thu), 8:15 p.m. (Prime Video)Oct. 9 at Baltimore, 8:20 p.m. (NBC*)Oct. 16 at New Orleans, 1 p.m. (CBS)Oct. 23 Atlanta, 1 p.m. (FOX)Oct. 31 at Cleveland (Mon), 8:15 p.m. (ESPN)Nov. 6 Carolina, 1 p.m. (FOX)Nov. 13 BYENov. 20 at Pittsburgh, 8:20 p.m. (NBC*)Nov. 27 at Tennessee, 1 p.m. (CBS)Dec. 4 Kansas City, 4:25 p.m. (CBS)Dec. 11 Cleveland, 1 p.m. (CBS)Dec. 18 at Tampa Bay, 4:25 p.m. (CBS)Dec. 24 at New England (Sat), 1 p.m. (CBS)Jan. 2 Buffalo (Mon), 8:30 p.m. (ESPN/ABC)Jan. 7/8 Baltimore, TBD TBDCleveland BrownsSept. 11 at Carolina, 1 p.m. (CBS)Sept. 18 N.Y. Jets, 1 p.m. (CBS)Sept. 22 Pittsburgh (Thu), 8:15 p.m. (Prime Video)Oct. 2 at Atlanta, 1 p.m. (CBS)Oct. 9 L.A. Chargers, 1 p.m. (CBS)Oct. 16 New England, 1 p.m. (CBS)Oct. 23 at Baltimore, 1 p.m. (CBS)Oct. 31 Cincinnati (Mon), 8:15 p.m. (ESPN)Nov. 6 BYENov. 13 at Miami, 1 p.m. (CBS)Nov. 20 at Buffalo, 1 p.m. (CBS)Nov. 27 Tampa Bay, 1 p.m. (FOX)Dec. 4 at Houston, 1 p.m. (CBS)Dec. 11 at Cincinnati, 1 p.m. (CBS)Dec. 17/18 Baltimore, TBD TBDDec. 24 New Orleans (Sat), 1 p.m. (CBS)Jan. 1 at Washington, 1 p.m. (FOX)Jan. 7/8 at Pittsburgh, TBD TBDDenver BroncosSept. 12 at Seattle (Mon), 8:15 p.m. (ESPN/ABC)Sept. 18 Houston, 4:25 p.m. (CBS)Sept. 25 San Francisco, 8:20 p.m. (NBC)Oct. 2 at Las Vegas, 4:25 p.m. (CBS)Oct. 6 Indianapolis (Thu), 8:15 p.m. (Prime Video)Oct. 17 at L.A. Chargers (Mon), 8:15 p.m. (ESPN)Oct. 23 N.Y. Jets, 4:05 p.m. (CBS)Oct. 30 vs. Jacksonville (Wembley), 9:30 a.m. (ESPN+)Nov. 6 BYENov. 13 at Tennessee, 1 p.m. (CBS)Nov. 20 Las Vegas, 4:05 p.m. (FOX)Nov. 27 at Carolina, 1 p.m. (FOX)ADVERTISEMENTDec. 4 at Baltimore, 1 p.m. (CBS)Dec. 11 Kansas City , 8:20 p.m. (NBC*)Dec. 18 Arizona 4:05 p.m. (FOX)Dec. 25 at L.A. Rams, 4:30 p.m. (CBS/Nickelodeon)Jan. 1 at Kansas City, 1 p.m. (CBS)Jan. 7/8 L.A. Chargers, TBD TBDHouston TexansSept. 11 Indianapolis, 1 p.m. (CBS)Sept. 18 at Denver, 4:25 p.m. (CBS)Sept. 25 at Chicago, 1 p.m. (CBS)Oct. 2 L.A. Chargers, 1 p.m. (CBS)Oct. 9 at Jacksonville 1 p.m. (CBS)Oct. 17 BYEOct. 23 at Las Vegas, 4:05 p.m. (CBS)Oct. 30 Tennessee, 4:05 p.m. (CBS)Nov. 3 Philadelphia (Thu), 8:15 p.m. (Prime Video)Nov. 13 at N.Y. Giants, 1 p.m. CBS)Nov. 20 Washington, 1 p.m. (FOX)Nov. 27 at Miami, 1 p.m. (CBS)Dec. 4 Cleveland, 1 p.m. (CBS)Dec. 11 at Dallas, 1 p.m. (FOX)Dec. 18 Kansas City, 1 p.m. (CBS)Dec. 24 at Tennessee (Sat), 1 p.m. (CBS)Jan. 1 Jacksonville, 1 p.m. (CBS)Jan. 7/8 at Indianapolis, TBD TBDIndianapolis ColtsSept. 11 at Houston, 1 p.m. (CBS)Sept. 18 at Jacksonville, 1 p.m. (CBS)Sept. 25 Kansas City, 1 p.m. (CBS)Oct. 2 Tennessee, 1 p.m. (FOX)Oct. 6 at Denver (Thu), 8:15 p.m. (Prime Video)Oct. 16 Jacksonville, 1 p.m. (CBS)Oct. 23 at Tennessee, 1 p.m. (CBS)Oct. 30 Washington, 4:25 p.m. (FOX)Nov. 6 at New England, 1 p.m. (CBS)Nov. 13 at Las Vegas, 4:05 p.m. (CBS)Nov. 20 Philadelphia, 1 p.m. (CBS)ADVERTISEMENTNov. 28 Pittsburgh (Mon), 8:15 p.m. (ESPN)Dec. 4 at Dallas, 8:20 p.m. (NBC*)Dec. 11 BYEDec. 17/18 at Minnesota, TBD TBDDec. 26 L.A. Chargers (Mon) 8:15 p.m. (ESPN)Jan. 1 at N.Y. Giants, 1 p.m. (CBS)Jan. 7/8 Houston TBD TBDJacksonville JaguarsSept. 11 at Washington, 1 p.m. (FOX)Sept. 18 Indianapolis, 1 p.m. (CBS)Sept. 25 at L.A. Chargers, 4:05 p.m. (CBS)Oct. 2 at Philadelphia, 1 p.m. (CBS)Oct. 9 Houston, 1 p.m. (CBS)Oct. 16 at Indianapolis, 1 p.m. (CBS)Oct. 23 N.Y. Giants, 1 p.m. (FOX)Oct. 30 vs Denver (Wembley), 9:30 a.m. (ESPN+)Nov. 6 Las Vegas, 1 p.m. (CBS)Nov. 13 at Kansas City, 1 p.m. (CBS)Nov. 20 BYENov. 27 Baltimore, 1 p.m. (CBS)Dec. 4 at Detroit, 1 p.m. (FOX)Dec. 11 at Tennessee, 1 p.m. (CBS)Dec. 18 Dallas, 1 p.m. (FOX)Dec. 22 at N.Y. Jets (Thu), 8:15 p.m. (Prime Video)Jan. 1 at Houston, 1 p.m. (CBS)Jan. 7/8 Tennessee, TBD TBDKansas City ChiefsSept. 11 at Arizona, 4:25 p.m. (CBS)Sept. 15 L.A. Chargers (Thu), 8:15 p.m. (Prime Video)Sept. 25 at Indianapolis, 1 p.m. (CBS)Oct. 2 at Tampa Bay, 8:20 p.m. (NBC)Oct. 10 Las Vegas (Mon), 8:15 p.m. (ESPN)Oct. 16 Buffalo , 4:25 p.m. (CBS)Oct. 23 at San Francisco, 4:25 p.m. (FOX)Oct. 30 BYENov. 6 Tennessee, 8:20 p.m. (NBC*)Nov. 13 Jacksonville, 1 p.m. (CBS)Nov. 20 at L.A. Chargers,, 4:25 p.m.(CBS)ADVERTISEMENTNov. 27 L.A. Rams, 4:25 p.m. (FOX)Dec. 4 at Cincinnati, 4:25 p.m. (CBS)Dec. 11 at Denver, 8:20 p.m. (NBC*)Dec. 18 at Houston, 1 p.m. (CBS)Dec. 24 Seattle (Sat), 1 p.m. (FOX)Jan. 1 Denver, 1 p.m. (CBS)Jan. 7/8 at Las Vegas, TBD TBDLas Vegas RaidersSept. 11 at L.A. Chargers, 4:25 p.m. (CBS)Sept. 18 Arizona, 4:25 p.m. (CBS)Sept. 25 at Tennessee, 1 p.m. (FOX)Oct. 2 Denver, 4:25 p.m. (CBS)Oct. 10 at Kansas City (Mon), 8:15 p.m. (ESPN)Oct. 16 BYEOct. 23 Houston, 4:05 p.m. (CBS)Oct. 30 at New Orleans, 1 p.m. (CBS)Nov. 6 at Jacksonville, 1 p.m. (CBS)Nov. 13 Indianapolis, 1:05 p.m. (CBS)Nov. 20 at Denver, 1:05 p.m. (FOX)Nov. 27 at Seattle, 1:05 p.m. (CBS)Dec. 4 L.A. Chargers, 4:25 p.m. (CBS)Dec. 8 at L.A. Rams (Thu), 8:15 p.m. (Prime Video)Dec. 18 New England, 8:20 p.m. (NBC*)Dec. 24 at Pittsburgh (Sat), 8:15 p.m. (NFLN)Jan. 1 San Francisco, 4:05 p.m. (FOX)Jan. 7/8 Kansas City, TBD TBDL.A. ChargersSept. 11 Las Vegas, 4:25 p.m. (CBS)Sept. 15 at Kansas City (Thu), 8:15 p.m. (Prime Video)Sept. 25 Jacksonville, 4:05 p.m. (CBS)Oct. 2 at Houston, 1 p.m. (CBS)Oct. 9 at Cleveland, 1 p.m. (CBS)Oct. 17 Denver (Mon), 8:15 p.m. (ESPN)Oct. 23 Seattle , 4:25 p.m. (FOX)Oct. 30 BYENov. 6 at Atlanta, 1 p.m. (FOX)Nov. 13 at San Francisco, 8:20 p.m. (NBC*)ADVERTISEMENTNov. 20 Kansas City, 4:25 p.m. (CBS)Nov. 27 at Arizona, 4:05 p.m. (CBS)Dec. 4 at Las Vegas, 4:25 p.m. (CBS)Dec. 11 Miami, 4:05 p.m. (CBS)Dec. 18 Tennessee, 4:25 p.m. (CBS)Dec. 26 at Indianapolis (Mon), 8:15 p.m. (ESPN)Jan. 1 L.A. Rams, 8:20 p.m. (NBC*)Jan. 7/8 at Denver, TBD TBDMiami DolphinsSept. 11 New England, 1 p.m. (CBS)Sept. 18 at Baltimore, 1 p.m. (CBS)Sept. 25 Buffalo, 1 p.m. (CBS)Sept. 29 at Cincinnati (Thu), 8:15 p.m. (Prime Video)Oct. 9 at N.Y. Jets, 1 p.m. (CBS)Oct. 16 Minnesota, 1 p.m. (FOX)Oct. 23 Pittsburgh, 8:20 p.m. (NBC*)Oct. 30 at Detroit, 1 p.m. (CBS)Nov. 6 at Chicago, 1 p.m. (CBS)Nov. 13 Cleveland, 1 p.m. (CBS)Nov. 20 BYENov. 27 Houston, 1 p.m. (CBS)Dec. 4 at San Francisco, 4:05 p.m. (FOX)Dec. 11 at L.A. Chargers, 4:05 p.m. (CBS)Dec. 17/18 at Buffalo, TBD TBDDec. 25 Green Bay, 1 p.m. (FOX)Jan. 1 at New England, 1 p.m. (CBS)Jan. 7/8 N.Y. Jets, TBD TBDNew England PatriotsSept. 11 at Miami, 1 p.m. (CBS)Sept. 18 at Pittsburgh, 1 p.m. (CBS)Sept. 25 Baltimore, 1 p.m. (FOX)Oct. 2 at Green Bay, 4:25 p.m. (CBS)Oct. 9 Detroit, 1 p.m. (FOX)Oct. 16 at Cleveland, 1 p.m. (CBS)Oct. 24 Chicago (Mon), 8:15 p.m. (ESPN)Oct. 30 at N.Y. Jets, 1 p.m. (CBS)Nov. 6 Indianapolis, 1 p.m. (CBS)Nov. 13 BYENov. 20 N.Y. Jets, 1 p.m. (CBS)Nov. 24 at Minnesota (Thanksgiving), 8:20 p.m. (NBC)Dec. 1 Buffalo (Thu), 8:15 p.m. (Prime Video)Dec. 12 at Arizona (Mon), 8:15 p.m. (ESPN)Dec. 18 at Las Vegas, 8:20 p.m. (NBC*)Dec. 24 Cincinnati (Sat), 1 p.m. (CBS)Jan. 1 Miami, 1 p.m. (CBS)Jan. 7/8 at Buffalo, TBD TBDN.Y. JetsSept. 11 Baltimore, 1 p.m. (CBS)Sept. 18 at Cleveland, 1 p.m. (CBS)Sept. 25 Cincinnati, 1 p.m. (CBS)Oct. 2 at Pittsburgh, 1 p.m. (CBS)Oct. 9 Miami, 1 p.m. (CBS)Oct. 16 at Green Bay, 1 p.m. (FOX)Oct. 23 at Denver, 4:05 p.m. (CBS)Oct. 30 New England, 1 p.m. (CBS)Nov. 6 Buffalo, 1 p.m. (CBS)Nov. 13 BYENov. 20 at New England, 1 p.m. (CBS)Nov. 27 Chicago, 1 p.m. (FOX)Dec. 4 at Minnesota, 1 p.m. (CBS)Dec. 11 at Buffalo, 1 p.m. (CBS)Dec. 18 Detroit, 1 p.m. (FOX)Dec. 22 Jacksonville (Thu), 8:15 p.m. (Prime Video)Jan. 1 at Seattle, 4:05 p.m. (FOX)Jan. 7/8 at Miami, TBD TBDPittsburgh SteelersSept. 11 at Cincinnati, 1 p.m. (CBS)Sept. 18 New England, 1 p.m. (CBS)Sept. 22 at Cleveland (Thu), 8:15 p.m. (Prime Video)Oct. 2 N.Y. Jets, 1 p.m. (CBS)Oct. 9 at Buffalo, 1 p.m. (CBS)Oct. 16 Tampa Bay, 1 p.m. (FOX)Oct. 23 at Miami, 8:20 p.m. (NBC*)Oct. 30 at Philadelphia, 1 p.m. (CBS)Nov. 6 BYENov. 13 New Orleans, 1 p.m. (FOX)Nov. 20 Cincinnati, 8:20 p.m. (NBC*)Nov. 28 at Indianapolis (Mon), 8:15 p.m. (ESPN)Dec. 4 at Atlanta, 1 p.m. (CBS)Dec. 11 Baltimore, 1 p.m. (CBS)Dec. 18 at Carolina, 1 p.m. (CBS)Dec. 24 Las Vegas (Sat), 8:15 p.m. NFLNJan. 1 at Baltimore, 1 p.m. (CBS)Jan. 7/8 Cleveland, TBD TBDTennessee TitansSept. 11 N.Y. Giants, 4:25 p.m. (FOX)Sept. 19 at Buffalo (Mon), 7:15 p.m. (ESPN)Sept. 25 Las Vegas, 1 p.m. (FOX)Oct. 2 at Indianapolis, 1 p.m. (FOX)Oct. 9 at Washington, 1 p.m. (CBS)Oct. 16 BYEOct. 23 Indianapolis, 1 p.m. (CBS)Oct. 30 at Houston, 4:05 p.m. (CBS)Nov. 6 at Kansas City, 8:20 p.m. (NBC*)Nov. 13 Denver, 1 p.m. (CBS)Nov. 17 at Green Bay (Thu), 8:15 p.m. (Prime Video)Nov. 27 Cincinnati, 1 p.m. (CBS)Dec. 4 at Philadelphia, 1 p.m. (FOX)Dec. 11 Jacksonville, 1 p.m. (CBS)Dec. 18 at L.A. Chargers, 4:25 p.m. (CBS)Dec. 24 Houston (Sat), 1 p.m. (CBS)Dec. 29 Dallas (Thu), 8:15 p.m. (Prime Video)Jan. 7/8 at Jacksonville, TBD TBDNATIONAL CONFERENCEArizona CardinalsSept. 11 Kansas City, 4:25 p.m. (CBS)Sept. 18 at Las Vegas, 4:25 p.m. (CBS)Sept. 25 L.A. Rams, 4:25 p.m. (FOX)Oct. 2 at Carolina, 4:05 p.m. (FOX)Oct. 9 Philadelphia, 4:25 p.m. (FOX)Oct. 16 at Seattle, 4:05 p.m. (FOX)Oct. 20 New Orleans (Thu), 8:15 p.m. (Prime Video)Oct. 30 at Minnesota, 1 p.m. (FOX)Nov. 6 Seattle 2:05 p.m. (FOX)Nov. 13 at L.A. Rams, 4:25 p.m. (FOX)Nov. 21 vs San Francisco (Mexico City), 8:15 p.m. (ESPN)Nov. 27 L.A. Chargers, 4:05 p.m. (CBS)Dec. 4 BYEDec. 12 New England (Mon), 8:15 p.m. (ESPN)Dec. 18 at Denver, 4:05 p.m. (FOX)Dec. 25 Tampa Bay, 8:20 p.m. (NBC)Jan. 1 at Atlanta, 1 p.m. (FOX)Jan. 7/8 at San Francisco, TBD TBDAtlanta FalconsSept. 11 New Orleans, 1 p.m. (FOX)Sept. 18 at L.A. Rams, 4:05 p.m. (FOX)Sept. 25 at Seattle, 4:25 p.m. (FOX)Oct. 2 Cleveland, 1 p.m. (CBS)Oct. 9 at Tampa Bay, 1 p.m. (FOX)Oct. 16 San Francisco, 1 p.m. (FOX)Oct. 23 at Cincinnati, 1 p.m. (FOX)Oct. 30 Carolina, 1 p.m. (FOX)Nov. 6 L.A. Chargers, 1 p.m. (FOX)Nov. 10 at Carolina (Thu), 8:15 p.m. (Prime Video)Nov. 20 Chicago, 1 p.m. (FOX)Nov. 27 at Washington, 1 p.m. (FOX)Dec. 4 Pittsburgh, 1 p.m. (CBS)BYEDec. 17/18 at New Orleans, TBD TBDDec. 24 at Baltimore (Sat), 1 p.m. (FOX)Jan. 1 Arizona, 1 p.m. (FOX)Jan. 7/8 Tampa Bay TBD TBDCarolina PanthersSept. 11 Cleveland, 1 p.m. (CBS)Sept. 18 at N.Y. Giants, 1 p.m. (FOX)Sept. 25 New Orleans, 1 p.m. (FOX)Oct. 2 Arizona, 4:05 p.m. (FOX)Oct. 9 San Francisco, 4:05 p.m. (CBS)Oct. 16 at L.A. Rams, 4:05 p.m. (FOX)Oct. 23 Tampa Bay, 1 p.m. (FOX)Oct. 30 at Atlanta, 1 p.m. (FOX)Nov. 6 at Cincinnati, 1 p.m. (FOX)Nov. 10 Atlanta (Thu) 8:15 p.m. (Prime Video)Nov. 20 at Baltimore, 1 p.m. (FOX)Nov. 27 Denver, 1 p.m. (FOX)BYEDec. 11 at Seattle 4:25 p.m. (FOX)Dec. 18 Pittsburgh, 1 p.m. (CBS)Dec. 24 Detroit (Sat), 1 p.m. (FOX)Jan. 1 at Tampa Bay, 1 p.m. (FOX)Jan. 7/8 at New Orleans, TBD TBDChicago BearsSept. 11 San Francisco, 1 p.m. (FOX)Sept. 18 at Green Bay, 8:20 p.m. NBCSept. 25 Houston, 1 p.m. (CBS)Oct. 2 at N.Y. Giants, 1 p.m. (FOX)Oct. 9 at Minnesota, 1 p.m. (FOX)Oct. 13 Washington (Thu), 8:15 p.m. (Prime Video)Oct. 24 at New England (Mon), 8:15 p.m. (ESPN)Oct. 30 at Dallas, 1 p.m. (FOX)Nov. 6 Miami, 1 p.m. (CBS)Nov. 13 Detroit, 1 p.m. (FOX)Nov. 20 at Atlanta, 1 p.m. (FOX)Nov. 27 at N.Y. Jets, 1 p.m. (FOX)Dec. 4 Green Bay, 1 p.m. (FOX)BYEDec. 18 Philadelphia, 1 p.m. (FOX)Dec. 24 Buffalo (Sat), 1 p.m. (CBS)Jan. 1 at Detroit, 1 p.m. (FOX)Jan. 7/8 Minnesota, TBD TBDDallas CowboysSept. 11 Tampa Bay, 8:20 p.m. NBCSept. 18 Cincinnati, 4:25 p.m.(CBS)Sept. 26 at N.Y. Giants (Mon) 8:15 p.m. (ESPN/ABC)Oct. 2 Washington, 1 p.m. (FOX)Oct. 9 at L.A. Rams, 4:25 p.m.(FOX)Oct. 16 at Philadelphia 8:20 p.m. (NBC*)Oct. 23 Detroit, 1 p.m. (CBS)Oct. 30 Chicago, 1 p.m. (FOX)Nov. 6 BYENov. 13 at Green Bay, 4:25 p.m.(FOX)Nov. 20 at Minnesota, 4:25 p.m.(CBS)Nov. 24 N.Y. Giants (Thanksgiving) 4:30 p.m. (FOX)Dec. 4 Indianapolis 8:20 p.m. (NBC*)Dec. 11 Houston, 1 p.m. (FOX)Dec. 18 at Jacksonville, 1 p.m. (FOX)Dec. 24 Philadelphia (Sat), 4:25 p.m.(FOX)Dec. 29 at Tennessee (Thu) 8:15 p.m. (Prime Video)Jan. 7/8 at Washington, TBD TBDDetroit LionsSept. 11 Philadelphia, 1 p.m. (FOX)Sept. 18 Washington, 1 p.m. (FOX)Sept. 25 at Minnesota, 1 p.m. (FOX)Oct. 2 Seattle, 1 p.m. (FOX)Oct. 9 at New England, 1 p.m. (FOX)Oct. 16 BYEOct. 23 at Dallas, 1 p.m. (CBS)Oct. 30 Miami, 1 p.m. (CBS)Nov. 6 Green Bay, 1 p.m. (FOX)Nov. 13 at Chicago, 1 p.m. (FOX)Nov. 20 at N.Y. Giants, 1 p.m. (FOX)Nov. 24 Buffalo (Thanksgiving) 12:30 p.m. (CBS)Dec. 4 Jacksonville, 1 p.m. (FOX)Dec. 11 Minnesota, 1 p.m. (FOX)Dec. 18 at N.Y. Jets, 1 p.m. (FOX)Dec. 24 at Carolina (Sat), 1 p.m. (FOX)Jan. 1 Chicago, 1 p.m. (FOX)Jan. 7/8 at Green Bay, TBD TBDGreen Bay PackersSept. 11 at Minnesota, 4:25 p.m.(FOX)Sept. 18 Chicago 8:20 p.m. (NBC)Sept. 25 at Tampa Bay, 4:25 p.m.(FOX)Oct. 2 New England, 4:25 p.m.(CBS)Oct. 9 vs N.Y. Giants (Tottenham) 8:30 a.m. (NFLN)Oct. 16 N.Y. Jets, 1 p.m. (FOX)Oct. 23 at Washington, 1 p.m. (FOX)Oct. 30 at Buffalo 8:20 p.m. (NBC*)Nov. 6 at Detroit, 1 p.m. (FOX)Nov. 13 Dallas, 4:25 p.m.(FOX)Nov. 17 Tennessee (Thu) 8:15 p.m. (Prime Video)Nov. 27 at Philadelphia 8:20 p.m. (NBC*)Dec. 4 at Chicago, 1 p.m. (FOX)BYEDec. 19 L.A. Rams (Mon), 8:15 p.m. (ESPN/ABC)Dec. 25 at Miami, 1 p.m. (FOX)Jan. 1 Minnesota, 4:25 p.m.(CBS)Jan. 7/8 Detroit, TBD TBDL.A. RamsSept. 8 Buffalo (Thu) 5:20 p.m. NBCSept. 18 Atlanta, 4:05 p.m. (FOX)Sept. 25 at Arizona, 4:25 p.m. (FOX)Oct. 3 at San Francisco (Mon) 5:15 p.m. (ESPN)Oct. 9 Dallas, 4:25 p.m. (FOX)Oct. 16 Carolina, 4:05 p.m. (FOX)BYEOct. 30 San Francisco, 4:25 p.m. (FOX)Nov. 6 at Tampa Bay, 4:25 p.m. (CBS)Nov. 13 Arizona, 4:25 p.m. (FOX)Nov. 20 at New Orleans, 1 p.m. (FOX)Nov. 27 at Kansas City, 4:25 p.m. (FOX)Dec. 4 Seattle, 4:05 p.m. (FOX)Dec. 8 Las Vegas (Thu), 8:15 p.m. (Prime Video)Dec. 19 at Green Bay (Mon), 8:15 p.m. (ESPN/ABC)Dec. 25 Denver, 4:30 p.m.(CBS/Nickelodeon)Jan. 1 at L.A. Chargers 8:20 p.m. (NBC*)Jan. 7/8 at Seattle, TBD TBDMinnesota VikingsSept. 11 Green Bay, 4:25 p.m.(FOX)Sept. 19 at Philadelphia (Mon) 8:30 p.m. (ABC)Sept. 25 Detroit, 1 p.m. (FOX)Oct. 2 vs New Orleans (Tottenham) 9:30 a.m. NFLNOct. 9 Chicago, 1 p.m. (FOX)Oct. 16 at Miami, 1 p.m. (FOX)BYEOct. 30 Arizona, 1 p.m. (FOX)Nov. 6 at Washington, 1 p.m. (FOX)Nov. 13 at Buffalo, 1 p.m. (FOX)Nov. 20 Dallas, 4:25 p.m.(CBS)Nov. 24 New England (Thanksgiving) 8:20 p.m. NBCDec. 4 N.Y. Jets, 1 p.m. (CBS)Dec. 11 at Detroit, 1 p.m. (FOX)Dec. 17/18 Indianapolis , TBD TBDDec. 24 N.Y. Giants (Sat), 1 p.m. (FOX)Jan. 1 at Green Bay, 4:25 p.m.(CBS)Jan. 7/8 at Chicago, TBD TBDNew Orleans SaintsSept. 11 at Atlanta, 1 p.m. (FOX)Sept. 18 Tampa Bay, 1 p.m. (FOX)Sept. 25 at Carolina, 1 p.m. (FOX)Oct. 2 vs Minnesota (Tottenham) 9:30 a.m. NFLNOct. 9 Seattle, 1 p.m. (FOX)Oct. 16 Cincinnati, 1 p.m. (CBS)Oct. 20 at Arizona (Thu) 8:15 p.m. (Prime Video)Oct. 30 Las Vegas, 1 p.m. (CBS)Nov. 7 Baltimore (Mon) 8:15 p.m. (ESPN)Nov. 13 at Pittsburgh, 1 p.m. (FOX)Nov. 20 L.A. Rams, 1 p.m. (FOX)Nov. 27 at San Francisco, 4:25 p.m. (FOX)Dec. 5 at Tampa Bay (Mon) 8:15 p.m. (ESPN)Dec. 11 BYEDec. 17/18 Atlanta, TBD TBDDec. 24 at Cleveland (Sat), 1 p.m. (CBS)Jan. 1 at Philadelphia, 1 p.m. (FOX)Jan. 7/8 Carolina, TBD TBDN.Y. GiantsSept. 11 at Tennessee 4:25 p.m. (FOX)Sept. 18 Carolina, 1 p.m. (FOX)Sept. 26 Dallas (Mon) 8:15 p.m. (ESPN/ABC)Oct. 2 Chicago, 1 p.m. (FOX)Oct. 9 vs Green Bay (Tottenham), 9:30 a.m. NFLNOct. 16 Baltimore, 1 p.m. (CBS)Oct. 23 at Jacksonville, 1 p.m. (FOX)Oct. 30 at Seattle 4:25 p.m. (FOX)Nov. 7 BYENov. 13 Houston, 1 p.m. (CBS)Nov. 20 Detroit, 1 p.m. (FOX)Nov. 24 at Dallas (Thanksgiving) 4:30 p.m. (FOX)Dec. 4 Washington, 1 p.m. (FOX)Dec. 11 Philadelphia, 1 p.m. (FOX)Dec. 17/18 at Washington, TBD TBDDec. 24 at Minnesota (Sat), 1 p.m. (FOX)Jan. 1 Indianapolis, 1 p.m. (CBS)Jan. 7/8 at Philadelphia, TBD TBDPhiladelphia EaglesSept. 11 at Detroit, 1 p.m. (FOX)Sept. 19 Minnesota (Mon) 8:30 p.m. (ABC)Sept. 25 at Washington, 1 p.m. (FOX)Oct. 2 Jacksonville, 1 p.m. (CBS)Oct. 9 at Arizona, 4:25 p.m. (FOX)Oct. 16 Dallas, 8:20 p.m. (NBC*)Oct. 23 BYEOct. 30 Pittsburgh, 1 p.m. (CBS)Nov. 3 at Houston (Thu), 8:15 p.m. (Prime Video)Nov. 14 Washington (Mon), 8:15 p.m. (ESPN)Nov. 20 at Indianapolis, 1 p.m. (CBS)Nov. 27 Green Bay, 8:20 p.m. (NBC*)Dec. 4 Tennessee, 1 p.m. (FOX)Dec. 11 at N.Y. Giants, 1 p.m. (FOX)Dec. 18 at Chicago, 1 p.m. (FOX)Dec. 24 at Dallas (Sat), 4:25 p.m. (FOX)Jan. 1 New Orleans, 1 p.m. (FOX)Jan. 7/8 N.Y. Giants, TBD TBDSan Francisco 49ersSept. 11 at Chicago, 1 p.m. (FOX)Sept. 18 Seattle, 4:05 p.m. (FOX)Sept. 25 at Denver, 8:20 p.m. NBCOct. 3 L.A. Rams (Mon), 8:15 p.m. (ESPN)Oct. 9 at Carolina, 4:05 p.m. (CBS)Oct. 16 at Atlanta, 1 p.m. (FOX)Oct. 23 Kansas City, 4:25 p.m. (FOX)Oct. 30 at L.A. Rams, 4:25 p.m. (FOX)Nov. 7 BYENov. 13 L.A. Chargers, 8:20 p.m. (NBC*)Nov. 21 vs Arizona (Mexico City), 8:15 p.m. (ESPN)Nov. 27 New Orleans, 4:25 p.m. (FOX)Dec. 4 Miami, 4:05 p.m. (FOX)Dec. 11 Tampa Bay, 4:25 p.m. (FOX)Dec. 15 at Seattle (Thu), 8:15 p.m. (Prime Video)Dec. 24 Washington (Sat), 4:05 p.m. (CBS)Jan. 1 at Las Vegas, 4:05 p.m. (FOX)Jan. 7/8 Arizona, TBD TBDSeattle SeahawksSept. 12 Denver (Mon), 8:15 p.m. (ESPN/ABC)Sept. 18 at San Francisco, 4:05 p.m. (FOX)Sept. 25 Atlanta, 4:25 p.m. (FOX)Oct. 2 at Detroit, 1 p.m. (FOX)Oct. 9 at New Orleans, 1 p.m. (FOX)Oct. 16 Arizona, 4:05 p.m. (FOX)Oct. 23 at L.A. Chargers, 4:25 p.m. (FOX)Oct. 30 N.Y. Giants, 4:25 p.m. (FOX)Nov. 6 at Arizona, 4:05 p.m. (FOX)Nov. 13 vs Tampa Bay (Munich) 9:30 a.m. NFLNNov. 21 BYENov. 27 Las Vegas, 4:05 p.m. (CBS)Dec. 4 at L.A. Rams, 4:05 p.m. (FOX)Dec. 11 Carolina, 4:25 p.m. (FOX)Dec. 15 San Francisco (Thu) 8:15 p.m. (Prime Video)Dec. 24 at Kansas City (Sat), 1 p.m.(FOX)Jan. 1 N.Y. Jets, 4:05 p.m. (FOX)Jan. 7/8 L.A. Rams, TBD TBDTampa Bay BuccaneersSept. 11 at Dallas 8:20 p.m. NBCSept. 18 at New Orleans, 1 p.m. (FOX)Sept. 25 Green Bay 4:25 p.m. (FOX)Oct. 2 Kansas City 8:20 p.m. NBCOct. 9 Atlanta, 1 p.m. (FOX)Oct. 16 at Pittsburgh, 1 p.m. (FOX)Oct. 23 at Carolina, 1 p.m. (FOX)Oct. 27 Baltimore (Thu) 8:15 p.m. (Prime Video)Nov. 6 L.A. Rams 4:25 p.m. (CBS)Nov. 13 vs Seattle (Munich) 9:30 a.m. NFLNNov. 21 BYENov. 27 at Cleveland, 1 p.m. (FOX)Dec. 5 New Orleans (Mon) 8:15 p.m. (ESPN)Dec. 11 at San Francisco4:25 p.m. (FOX)Dec. 18 Cincinnati 4:25 p.m. (CBS)Dec. 25 at Arizona 8:20 p.m. NBCJan. 1 Carolina, 1 p.m. (FOX)Jan. 7/8 at Atlanta, TBD TBDWashington CommandersSept. 11 Jacksonville, 1 p.m. (FOX)Sept. 18 at Detroit, 1 p.m. (FOX)Sept. 25 Philadelphia, 1 p.m. (FOX)Oct. 2 at Dallas, 1 p.m. (FOX)Oct. 9 Tennessee, 1 p.m. (CBS)Oct. 13 at Chicago (Thu) 8:15 p.m. (Prime Video)Oct. 23 Green Bay, 1 p.m. (FOX)Oct. 30 at Indianapolis 4:25 p.m. (FOX)Nov. 6 Minnesota, 1 p.m. (FOX)Nov. 14 at Philadelphia (Mon) 8:15 p.m. (ESPN)Nov. 20 at Houston, 1 p.m. (FOX)Nov. 27 Atlanta, 1 p.m. (FOX)Dec. 4 at N.Y. Giants, 1 p.m. (FOX)BYEDec. 17/18 N.Y. Giants TBD TBDDec. 24 at San Francisco (Sat) 4:05 p.m. (CBS)Jan. 1 Cleveland, 1 p.m. (FOX)Jan. 7/8 Dallas, TBD TBD* - Sunday night games in Weeks 5-17 subject to change; Week 18 game TBD.In Week 18, games eligible to be played on Saturday at 4:30 p.m. and 8:15 p.m. ET or Sunday at 1:00 p.m., 4:25 p.m., or 8:20 p.m.